empNo, department, pay rate, exempt, hour worked, base pay, total pay
101, 41, 8.110000, Y, 49, 324.399994, 356.839996
722, 32, 7.220000, N, 40, 288.799988, 288.799988
1273, 23, 5.430000, Y, 39, 211.769989, 211.769989
2584, 14, 6.740000, N, 45, 303.299988, 303.299988
